{"cameraMode":{"drawMode":0,"name":"Shaded","section":"Shading Mode"},"sceneLighting":true,"audioPlay":false,"sceneViewState":{"m_AlwaysRefresh":false,"showFog":true,"showSkybox":true,"showFlares":true,"showImageEffects":true,"showParticleSystems":true,"showVisualEffectGraphs":true,"m_FxEnabled":true},"in2DMode":false,"pivot":{"x":21.485809326171876,"y":26.382978439331056,"z":-28.856246948242189},"rotation":{"x":0.18853218853473664,"y":-0.10700222104787827,"z":0.02063572220504284,"w":0.9760242700576782},"size":11.392743110656739,"orthographic":false}