{"cameraMode":{"drawMode":0,"name":"Shaded","section":"Shading Mode"},"sceneLighting":true,"audioPlay":false,"sceneViewState":{"m_AlwaysRefresh":false,"showFog":true,"showSkybox":true,"showFlares":true,"showImageEffects":true,"showParticleSystems":true,"showVisualEffectGraphs":true,"m_FxEnabled":true},"in2DMode":false,"pivot":{"x":34.76333236694336,"y":32.267486572265628,"z":-19.572898864746095},"rotation":{"x":0.19941049814224244,"y":-0.3763514757156372,"z":0.08326531946659088,"w":0.9009470343589783},"size":11.392743110656739,"orthographic":false}